codecay	The Crypt of Decay
pojustice	Plane of Justice
poknowledge	Plane of Knowledge
potranquility	Plane of Tranquility
ponightmare	Plane of Nightmares
podisease	Plane of Disease
poinnovation	Plane of Innovation
potorment	Torment, the Plane of Pain
povalor	Plane of Valor
bothunder	Bastion of Thunder
postorms	Plane of Storms
hohonora	Halls of Honor
solrotower	Tower of Solusek Ro
powar	Plane of War
potactics	Drunder, the Fortress of Zek
poair	Plane of Air
powater	Plane of Water
pofire	Plane of Fire
poeartha	Plane of Earth
potimea	Plane of Time
hohonorb	Temple of Marr
nightmareb	The Lair of Terris Thule
poearthb	Plane of Earth
potimeb	Plane of Time
